{
  "assertQ": {
    "precision": 0.75,
    "recall": 0.3,
    "f1-score": 0.4285714285714285,
    "support": 10,
    "confused_with": {
      "steps_userQ": 5,
      "possibilityQ": 1
    }
  },
  "defineQ": {
    "precision": 0.8333333333333334,
    "recall": 0.7142857142857143,
    "f1-score": 0.7692307692307692,
    "support": 14,
    "confused_with": {
      "steps_userQ": 4
    }
  },
  "dateQ": {
    "precision": 0.7142857142857143,
    "recall": 0.625,
    "f1-score": 0.6666666666666666,
    "support": 8,
    "confused_with": {
      "steps_userQ": 2,
      "defineQ": 1
    }
  },
  "urlQ": {
    "precision": 1.0,
    "recall": 1.0,
    "f1-score": 1.0,
    "support": 12,
    "confused_with": {}
  },
  "steps_userQ": {
    "precision": 0.6382978723404256,
    "recall": 1.0,
    "f1-score": 0.7792207792207793,
    "support": 30,
    "confused_with": {}
  },
  "possibilityQ": {
    "precision": 0.5,
    "recall": 0.2857142857142857,
    "f1-score": 0.36363636363636365,
    "support": 7,
    "confused_with": {
      "steps_userQ": 2,
      "dateQ": 2
    }
  },
  "personalQ": {
    "precision": 0.0,
    "recall": 0.0,
    "f1-score": 0.0,
    "support": 5,
    "confused_with": {
      "steps_userQ": 4,
      "possibilityQ": 1
    }
  },
  "accuracy": 0.7209302325581395,
  "macro avg": {
    "precision": 0.6337024171370677,
    "recall": 0.5607142857142857,
    "f1-score": 0.5724751439037152,
    "support": 86
  },
  "weighted avg": {
    "precision": 0.692208006408897,
    "recall": 0.7209302325581395,
    "f1-score": 0.6780273989576315,
    "support": 86
  }
}